Name|City|Phone
Madaline Holder|Madrid|409103809
Vera Murphy|Principado de Asturias|456287893
Fitzgerald Castillo|Catalunya|198703888
August Norris|Illes Balears|848763815
Hayfa Daugherty|Madrid|609476337
Porter Cobb|Comunitat Valenciana|761582820
Reuben Warren|Comunitat Valenciana|422222040
Garrett Lewis|Catalunya|878467597
Dale Golden|Canarias|117558164
Burton Browning|Navarra|924624066
Kiona Moran|Catalunya|515678367
Isaac Sullivan|Catalunya|620517629
Walker Marsh|Castilla y Leon|307613338
Lamar Cummings|Castilla - La Mancha|834842394
Lunea Brooks|Murcia|719876341
Ferris Morse|Catalunya|134910723
Haviva Martin|Castilla - La Mancha|181536215
Patience Watkins|Castilla y Leon|994640018
Samson Ochoa|Andalucia|808455113
Raphael Bender|Andalucia|795863326
Dara Gallegos|Andalucia|525185869
Zephania Mullen|Comunitat Valenciana|131176635
Victoria Berg|Catalunya|279784890
Dawn Banks|Murcia|732865975
Orla Wade|Castilla - La Mancha|483675090
Gwendolyn Gregory|Galicia|859292825
Rigel Sykes|Madrid|644952987
Phelan Sparks|Comunitat Valenciana|804512960
Sloane Russo|Catalunya|470167965
Paula Rollins|Andalucia|344958320
Kevyn Mccarty|Andalucia|948492567
Justin Berg|Castilla y Leon|865201246
Coby Waller|Euskadi|620798499
Isabella King|Catalunya|623946417
Keane Thomas|Comunitat Valenciana|842253665
Scott Sykes|Andalucia|832749279
Rana Anthony|Galicia|991186519
Kasimir Mclaughlin|Illes Balears|633387514
Tyler Lawrence|Catalunya|956813241
Amy Torres|Andalucia|107857083
Elmo Buchanan|Cantabria|988102799
Whitney Brennan|Euskadi|885196753
Hilary Matthews|Andalucia|678862153
Garrett Clay|Comunitat Valenciana|111899911
Leroy Bennett|Aragon|262485669
Sacha Ferrell|Catalunya|974283691
Jael Rios|Castilla y Leon|399237681
Ashton Salinas|Comunitat Valenciana|765929348
Herrod Campbell|Comunitat Valenciana|210856185
Amal Leach|Andalucia|977618658
Fredericka Hobbs|Illes Balears|622513243
Zane Wyatt|Murcia|645376933
Ariana Frazier|Castilla - La Mancha|445825669
Orson Mcgee|Madrid|880553652
Ray Fisher|Euskadi|655769535
Bruce Giles|Castilla - La Mancha|790730119
Adria Dennis|Catalunya|455388120
Mannix Calderon|Comunitat Valenciana|921182376
Lysandra Blackburn|Castilla - La Mancha|208180939
Lance Barrett|La Rioja|660581983
Cameron Baker|Andalucia|350797060
Eagan Spencer|Extremadura|747358333
Dana Schmidt|Catalunya|378629007
Hakeem Lloyd|Andalucia|848376213
Marvin Harding|Catalunya|349998955
Quinlan Howell|Castilla y Leon|192776969
Tanisha Perry|Comunitat Valenciana|305472636
Sloane Shaw|Catalunya|555306439
Abraham Mcbride|Extremadura|915690652
Ivory Dominguez|Navarra|760649670
Xaviera Terry|Andalucia|606468843
Carly Mckay|Catalunya|986409964
Lucy Meadows|Catalunya|202836482
Quinn Larson|Madrid|511220278
Christine Calhoun|Andalucia|262356491
Britanni Dominguez|Castilla y Leon|341538988
Joan Delgado|Comunitat Valenciana|127169181
Wallace Bonner|Euskadi|259650915
Garrett Medina|Madrid|908481219
Cedric Lyons|Castilla - La Mancha|414862637
Jackson Vincent|Andalucia|315688502
Ezra Sears|Andalucia|887269466
Faith Sims|Extremadura|889413029
Wade Wong|Madrid|467327157
Kylie Giles|Catalunya|511487828
Aidan Watkins|Euskadi|191360797
Garrison Mccarty|Andalucia|246731771
Erasmus Craft|Andalucia|134266495
Emerson Beach|Andalucia|758835495
Jasmine Evans|Comunitat Valenciana|268797337
Allistair Noel|Madrid|383813317
Chase Mosley|Canarias|609935000
Clayton Burnett|Castilla y Leon|398421628
Kaden Bass|Galicia|447341824
Guinevere Acosta|Murcia|533620854
Germane Valenzuela|Madrid|807424473
Tiger Fitzpatrick|Madrid|591239468
Lionel Waller|Madrid|708308545
Florence Floyd|Castilla y Leon|322974226
Keane Mcmillan|Castilla y Leon|464613383
